1|1|09-06-2024|11-06-2024|Pending|Nova fasada
1|1|09-06-2024|11-06-2024|Pending|Nova fasada
1|1|09-06-2024|11-06-2024|Pending|Nova fasada
1|1|09-06-2024|11-06-2024|Pending|Nova fasada
1|1|09-06-2024|11-06-2024|Pending|Nova fasada
1|1|09-06-2024|11-06-2024|Pending|Nova fasada
1|1|09-06-2024|11-06-2024|Pending|Nova fasada
1|1|09-06-2024|11-06-2024|Pending|Nova fasada
1|1|09-06-2024|11-06-2024|Pending|Nova fasada
1|1|09-06-2024|11-06-2024|Pending|Nova fasada
1|1|09-06-2024|11-06-2024|Pending|Nova fasada
1|1|09-06-2024|11-06-2024|Pending|Nova fasada
1|1|09-06-2024|11-06-2024|Pending|Nova fasada
1|1|09-06-2024|11-06-2024|Pending|Nova fasada