1|1|1|Primijetio sam da su cene stanova u Brčkom drastično porasle i zanima me zašto je to tako. Da li neko zna šta je uzrok tome? Čini mi se da je povećana potražnja jedan od razloga, ali nisam siguran da li je to jedini faktor. Takođe, vidim da se dosta investira u infrastrukturu grada. Da li je to možda dodatno podiglo cene? Pored toga, zanima me šta Brčko još ima da ponudi osim stanova. Kakav je kvalitet života, kakve su mogućnosti za posao, obrazovanje i rekreaciju? Voleo bih da čujem vaša mišljenja i iskustva.|0|01-06-2024 11:24:19
2|3|1|Kao vlasnik stana u Brckom, mogu potvrditi da su cene nekretnina znacajno porasle u poslednje vreme. Povecana potraznja i ogranicena ponuda cine da vrednost mog stana raste iz meseca u mesec. Brcko je postalo privlacno mesto za zivot zbog svog strateskog polozaja i poboljsane infrastrukture. Iako je za mene kao vlasnika ovo povoljno, svestan sam da visoke cene otezavaju kupovinu stanova mladima i porodicama sa prosecnim prihodima.|0|01-06-2024 11:24:56
3|6|1|Ja sam bio u Brckom pre par meseci. Stvari uopste nisu skupe, a i plate ljudima su dosta visoke. Tamo se lepo zivi|1|01-06-2024 11:33:22
4|1|1|Onda je bolje gledati stanove u Bijeljini?|0|01-06-2024 11:48:06
5|1|2|Gde da kupim kucu u kami?|1|01-06-2024 17:02:42
6|3|2|Ee brate ja imam kucu u Kami. Znas da kida mesto|0|01-06-2024 17:03:10
7|1|3|ddd|0|01-06-2024 17:05:15
8|3|3|aaa|0|01-06-2024 17:06:36
9|3|3|yyy|0|01-06-2024 17:08:05
10|1|3|jjj|0|01-06-2024 17:08:26
11|6|2|Daj ne kenjate|1|01-06-2024 17:09:22
12|1|1|fff|0|01-06-2024 17:10:48
13|1|1|1|0|01-06-2024 17:10:49
14|1|1|2|0|01-06-2024 17:10:50
15|1|1|3|0|01-06-2024 17:10:50
16|1|1|4|0|01-06-2024 17:10:51
17|1|1|6|0|01-06-2024 17:10:52
18|1|1|7|0|01-06-2024 17:10:53
19|1|1|8|0|01-06-2024 17:10:54
20|1|1|88|0|01-06-2024 17:10:58
21|1|1|44|0|01-06-2024 17:10:59
22|1|1|55|0|01-06-2024 17:11:00
23|1|1|666|0|01-06-2024 17:11:01
24|1|1|6666|0|01-06-2024 17:11:02
25|1|1|66|0|01-06-2024 17:11:03
26|1|1|123|0|01-06-2024 17:11:06
27|1|1|12312|0|01-06-2024 17:11:07
28|3|1|d|0|01-06-2024 17:11:16
29|3|1|dd|0|01-06-2024 17:11:17
30|3|1|dd|0|01-06-2024 17:11:18
31|3|1|3|0|01-06-2024 17:11:20
32|3|1|h|0|01-06-2024 17:11:23
33|3|1|fasd|0|01-06-2024 17:11:39
34|3|1|fasd|0|01-06-2024 17:11:40
35|3|1|fasd|0|01-06-2024 17:11:40
36|3|1|fasd|0|01-06-2024 17:11:40
37|3|1|fasd|0|01-06-2024 17:11:41
38|1|1|dda|0|01-06-2024 17:12:15
39|1|1|asda|0|01-06-2024 17:12:16
40|1|1|asd|0|01-06-2024 17:12:17
41|3|1|adsa|0|01-06-2024 17:20:12
42|3|1|dfg|0|01-06-2024 17:20:19
43|3|2|Cao|0|01-06-2024 17:30:40
44|3|3|Super sad |0|01-06-2024 17:39:32
45|3|3|vcb|0|01-06-2024 17:40:01
46|3|2||0|01-06-2024 18:33:36
47|3|2|OKej girl|0|01-06-2024 18:34:25
