1|4|4|5|4|14-04-2024 23:07|True|4|1|Odlicno!|../../../Resources/Images/Tours/Buda2.jpg|../../../Resources/Images/Tours/BudaBuda3.jpg
2|4|4|5|4.1|14-04-2024 23:07|True|4|2|Odlicno!|../../../Resources/Images/Tours/Buda2.jpg|../../../Resources/Images/Tours/BudaBuda3.jpg
3|4|4|5|4.14|14-04-2024 23:07|True|4|3|Odlicno!|../../../Resources/Images/Tours/Buda2.jpg|../../../Resources/Images/Tours/BudaBuda3.jpg
4|4|4|5|4|14-04-2024 23:07|True|4|4|Odlicno!|../../../Resources/Images/Tours/Buda2.jpg|../../../Resources/Images/Tours/BudaBuda3.jpg
5|4|4|5|4|14-04-2024 23:07|True|4|5|Odlicno!|../../../Resources/Images/Tours/Buda2.jpg|../../../Resources/Images/Tours/BudaBuda3.jpg
6|4|4|5|4|14-04-2024 23:07|True|4|6|Odlicno!|../../../Resources/Images/Tours/Buda2.jpg|../../../Resources/Images/Tours/BudaBuda3.jpg
7|4|4|5|4|14-04-2024 23:07|True|4|7|Odlicno!|../../../Resources/Images/Tours/Buda2.jpg|../../../Resources/Images/Tours/BudaBuda3.jpg
8|4|4|5|4|14-04-2024 23:07|True|4|8|Odlicno!|../../../Resources/Images/Tours/Buda2.jpg|../../../Resources/Images/Tours/BudaBuda3.jpg
9|4|4|5|4|14-04-2024 23:07|True|4|9|Odlicno!|../../../Resources/Images/Tours/Buda2.jpg|../../../Resources/Images/Tours/BudaBuda3.jpg
10|4|4|5|4|14-04-2024 23:07|True|4|10|Odlicno!|../../../Resources/Images/Tours/Buda2.jpg|../../../Resources/Images/Tours/BudaBuda3.jpg
11|4|4|5|4|14-04-2024 23:07|True|4|11|Odlicno!|../../../Resources/Images/Tours/Buda2.jpg|../../../Resources/Images/Tours/BudaBuda3.jpg
12|4|4|5|4|14-04-2024 23:07|True|4|12|Odlicno!|../../../Resources/Images/Tours/Buda2.jpg|../../../Resources/Images/Tours/BudaBuda3.jpg
13|4|4|5|4|14-04-2024 23:07|True|4|13|Odlicno!|../../../Resources/Images/Tours/Buda2.jpg|../../../Resources/Images/Tours/BudaBuda3.jpg
14|4|4|5|4|14-04-2024 23:07|True|4|14|Odlicno!|../../../Resources/Images/Tours/Buda2.jpg|../../../Resources/Images/Tours/BudaBuda3.jpg
15|4|4|5|4|14-04-2024 23:07|True|4|15|Odlicno!|../../../Resources/Images/Tours/Buda2.jpg|../../../Resources/Images/Tours/BudaBuda3.jpg
16|4|4|5|4|14-04-2024 23:07|True|4|16|Odlicno!|../../../Resources/Images/Tours/Buda2.jpg|../../../Resources/Images/Tours/BudaBuda3.jpg
17|4|4|5|4|14-04-2024 23:07|True|4|17|Odlicno!|../../../Resources/Images/Tours/Buda2.jpg|../../../Resources/Images/Tours/BudaBuda3.jpg
18|4|4|5|4|14-04-2024 23:07|True|4|18|Odlicno!|../../../Resources/Images/Tours/Buda2.jpg|../../../Resources/Images/Tours/BudaBuda3.jpg
19|4|4|5|4|14-04-2024 23:07|True|4|19|Odlicno!|../../../Resources/Images/Tours/Buda2.jpg|../../../Resources/Images/Tours/BudaBuda3.jpg
20|4|4|5|4|14-04-2024 23:07|True|4|20|Odlicno!|../../../Resources/Images/Tours/Buda2.jpg|../../../Resources/Images/Tours/BudaBuda3.jpg
21|4|4|5|4|14-04-2024 23:07|True|4|21|Odlicno!|../../../Resources/Images/Tours/Buda2.jpg|../../../Resources/Images/Tours/BudaBuda3.jpg
22|4|4|5|4|14-04-2024 23:07|True|4|22|Odlicno!|../../../Resources/Images/Tours/Buda2.jpg|../../../Resources/Images/Tours/BudaBuda3.jpg
23|4|4|5|4|14-04-2024 23:07|True|4|23|Odlicno!|../../../Resources/Images/Tours/Buda2.jpg|../../../Resources/Images/Tours/BudaBuda3.jpg
24|4|4|5|4|14-04-2024 23:07|True|4|24|Odlicno!|../../../Resources/Images/Tours/Buda2.jpg|../../../Resources/Images/Tours/BudaBuda3.jpg
25|4|4|5|4|14-04-2024 23:07|True|4|25|Odlicno!|../../../Resources/Images/Tours/Buda2.jpg|../../../Resources/Images/Tours/BudaBuda3.jpg
26|4|4|5|4|14-04-2024 23:07|True|4|26|Odlicno!|../../../Resources/Images/Tours/Buda2.jpg|../../../Resources/Images/Tours/BudaBuda3.jpg
27|4|4|5|4|14-04-2024 23:07|True|4|27|Odlicno!|../../../Resources/Images/Tours/Buda2.jpg|../../../Resources/Images/Tours/BudaBuda3.jpg
28|4|4|5|4|14-04-2024 23:07|True|4|28|Odlicno!|../../../Resources/Images/Tours/Buda2.jpg|../../../Resources/Images/Tours/BudaBuda3.jpg
29|4|4|5|4|14-04-2024 23:07|True|4|29|Odlicno!|../../../Resources/Images/Tours/Buda2.jpg|../../../Resources/Images/Tours/BudaBuda3.jpg
30|4|4|5|4|14-04-2024 23:07|True|4|30|Odlicno!|../../../Resources/Images/Tours/Buda2.jpg|../../../Resources/Images/Tours/BudaBuda3.jpg
31|4|4|5|4|14-04-2024 23:07|True|4|31|Odlicno!|../../../Resources/Images/Tours/Buda2.jpg|../../../Resources/Images/Tours/BudaBuda3.jpg
